No,NameCN,NameEN,Keywords,PrimaryColors,SecondaryColors,Typography,RadiusShadow,MotionTendency,BestFor,DoNotUseFor,AIPrompt
1,暖纸青墨,warm-paper-ink,"暖纸,青墨,克制,留白,人文,低饱和,中式现代","纸面 #F5F3EE,青墨 #2E5B4F,墨字 #1F2937","陶土橙 #C96F2B（强调）,边框 #E5E1D8",中文苹方/思源黑体；标题20-28px 600字重；正文14-16px；禁900字重,圆角12-16px；最多1层淡阴影；卡片1px边框,克制；200-250ms ease-out；只服务状态变化,"本地生活,餐饮内容,人文品牌,工具型App","潮流快消,游戏化产品,强促销场","warm paper #F5F3EE background, dark teal #2E5B4F primary, terracotta #C96F2B accent sparingly, generous whitespace, 12-16px radius, 1px #E5E1D8 card borders, restrained low-saturation modern Chinese aesthetic, no gradients, no glassmorphism"
2,石墨青柠,graphite-lime,"石墨,青柠,经营,效率,深色工作台,信号色,高频工具","石墨 #111613（导航）,工作面 #F3F5F1,文字 #131814","荧光青柠 #BCF84C（唯一强调）,浅工作面 #FBFCFA",等宽数字 tabular-nums；标题600；文案动词优先、短促,"工作面16-22px；按钮10-12px；阴影 0 8px 24px rgba(25,32,27,.05)",短距离CSS过渡；尊重 prefers-reduced-motion,"高频经营工具,SaaS工作台,数据驾驶舱,AI执行产品","情感化品牌页,母婴美业,儿童产品","graphite #111613 navigation, lime #BCF84C as single signal color, light #F3F5F1 work surface, 16-22px panel radius, precise operational UI, short CSS transitions, no decorative effects"
3,工业深蓝,industrial-blue,"工业,深蓝,ToB,设备,可靠,参数,硬朗,工程","深海蓝 #1B2A4A,钢灰 #3A4556,纸白 #F7F8FA","安全橙 #E8862E（警示/强调）,浅蓝灰 #E8EDF3",无衬线粗标题；参数表等宽数字；中英文混排,小圆角6-10px；1px实线边框；阴影极淡,干脆利落；150-200ms；无弹性,"工业设备ToB,硬件产品,工程服务,招投标","快消品,母婴,文艺品牌","deep industrial blue #1B2A4A headers, steel gray #3A4556, safety orange #E8862E accents sparingly, 6-10px radius, spec tables with tabular numbers, solid dependable B2B equipment aesthetic"
4,国潮暖红,guochao-red,"国潮,朱砂,暖红,餐饮,年味,热闹,食欲,传统","朱砂红 #C73E2C,宣纸米 #F7F2E9,墨黑 #222222","鎏金 #C9A86A（点缀）,黛青 #3A4A4D（辅助）",大标题书法体/粗黑；正文圆润黑体；价格数字醒目,圆角8-14px；细金线描边；纸纹质感,热闹不乱；250-300ms；入场有节奏感,"餐饮品牌,食品包装,老字号,节庆促销","医疗金融,极简科技风","cinnabar red #C73E2C hero, rice paper #F7F2E9 background, gold #C9A86A thin accents, appetizing warm festive Chinese aesthetic, bold prices, no cold minimalism"
5,柔雾美学,soft-mist,"柔雾,低饱和,美业,疗愈,呼吸感,莫兰迪,温柔","雾粉 #E8D5D0,鼠尾草灰绿 #A8B5A0,暖白 #FAF8F5","莫兰迪灰蓝 #8FA3B0,浅驼 #D9C7B8",细字重标题300-400；大行距；英文衬线点缀,大圆角20-28px；柔光阴影；无硬边框,缓慢柔和；300-400ms ease-in-out；呼吸感,"美容美业,疗愈冥想,生活方式品牌,母婴","硬核科技,快节奏促销,工业品","soft mist aesthetic, muted morandi palette #E8D5D0 #A8B5A0, 20-28px radius, soft diffused shadows, light 300-400 typography, calm breathing whitespace, no harsh borders"
6,霓虹暗夜,neon-night,"霓虹,neon,暗黑,电竞,游戏社交,荧光,潮酷,Z世代,深色","深黑 #0C100E,荧光绿 #25E98B,墨绿文字 #052B18","电光紫 #8000FF,品红 #FF006B,深面 #141A17,边框 #232B27",中文苹方/思源黑体；标题700紧凑字距；数字等宽；英文展示字可用超粗,大圆角16-20px；沉浸式无线框；荧光辉光阴影,干脆利落200ms；辉光脉冲点缀；尊重reduced-motion,"游戏社交,Z世代产品,潮牌App,电竞,音乐","金融,医疗,政务,母婴,老年产品","neon-night: near-black #0C100E base, neon green #25E98B primary, electric purple #8000FF and magenta #FF006B accents, 16-20px radii, borderless immersive surfaces, neon glow shadows, bold tight headings"
7,荧光柠檬,volt-lime,"荧光黄绿,volt,快消,营销,落地页,高对比,黑黄,campaign","荧光黄绿 #D7F500,纯黑 #101010,亮黄文字 #EAFB00","深面 #1C1C1C,品红 #FF006B（点缀）,边框 #B8D400",超粗黑体900，紧凑字距；英文大标题可全大写,大圆角20px；胶囊按钮全圆角；硬阴影,有力200ms ease-out；大位移动画；弹跳慎用,"快消,营销落地页,年轻化品牌,campaign,潮牌","金融,医疗,长文阅读,政务","volt-lime: volt yellow-green #D7F500 full-bleed, pure black #101010 cards and buttons, 900-weight giant headlines, 20px radii, pill buttons, high-contrast black-yellow"
8,明黄市集,market-yellow,"明黄,市集,餐饮,本地生活,促销,大汉字,热闹,摆摊","明黄 #FFC400,墨黑 #1A1A1A,纸白 #FFFDF4","深黄边框 #E8B800,米灰文字 #6B5F3A,暖红 #D63B2F（强调）",大汉字标题900黑体；正文圆润黑体；价格数字醒目,圆角16px；按钮12px；柔和投影,热闹220ms；入场有节奏感；避免过度弹跳,"餐饮,市集,本地生活,促销,节庆","科技,金融,高端奢品,医疗","market-yellow: bright yellow #FFC400 full-bleed, black #1A1A1A type and buttons, white cards on yellow, giant 900-weight Chinese character headlines, bustling market feel"
9,深色画廊,dark-gallery,"深色画廊,品牌官网,电商,作品集,衬线,拼贴,大气,高级","深灰 #161616,月白 #F5F5F5,卡片 #212121","电光蓝 #2E9BD6（点缀）,边框 #2E2E2E,灰字 #9A9A9A",标题衬线体（Didot/Bodoni/Georgia）可斜体；正文无衬线；英文展示字优先,圆角12px；深投影,沉稳250ms ease-out；卡片错落入场,"品牌官网,电商详情,作品集,创意agency","工具型App,高频操作界面,政务","dark-gallery: dark gray #161616 base, off-white #F5F5F5 type, saturated content cards collage, elegant serif italic display headlines, calm premium"
