No,NameCN,NameEN,Keywords,Variants,Sizes,States,AppNote,WebNote,A11y,DoNot,AIPrompt
1,按钮,button,"按钮,button,CTA,提交,主按钮","Primary（一屏一个）/ Secondary（描边）/ Ghost（文字按钮）/ Danger（危险操作）/ Link","App 高48/44/36px；Web 高40/32/24px；圆角 App 10-12px / Web 6-8px","default / hover（Web）/ active（按压缩放98%）/ disabled（40%透明）/ loading（spinner+禁点）","最小44px；主按钮放拇指热区；Danger 需二次确认","图标按钮必须有 hover 态和 tooltip；focus 可见","对比度≥4.5:1；键盘可聚焦；loading 时 aria-busy","一屏多个 Primary；禁用态纯灰无说明；文字按钮与正文混淆","button variants primary/secondary/ghost/danger; min-height 44px mobile 32px desktop; states default/hover/active-98pct/disabled-40pct/loading-spinner; one primary per screen"
2,输入框,input,"输入框,input,表单,搜索框,文本域","text / password / search / textarea / number；可带前后缀图标","App 高48-52px；Web 高32-40px；圆角8-12px","default / focus（边框高亮）/ filled / error（红边框+错误文案）/ disabled","按类型唤起键盘（数字/邮箱）；label 常驻","搜索框回车触发；长表单分组+分组标题","label 关联 input；错误文案 aria-describedby；不只靠红色传达错误","placeholder 当 label；错误只有红边框无文案；密码框无可见切换","input with persistent label, focus ring, error state red border + text message; mobile 48px height, desktop 32-40px; no placeholder-only labels"
3,卡片,card,"卡片,card,信息卡","信息卡 / 操作卡（可点）/ 图文卡","圆角12-16px；内边距16-24px；1px边框 #E5E1D8","default / hover（Web 轻微上浮）/ pressed / selected（描边高亮）/ skeleton","整卡可点时热区≥44px","hover 显示次级操作（如删除/更多）","可点击卡片用 button/a 语义；图片 alt","卡片套卡片超2层；阴影超1层；一卡塞下所有信息","card 12-16px radius, 1px border, single subtle shadow; clickable card full-area hit target; selected state border highlight"
4,弹窗,dialog,"弹窗,dialog,modal,底部弹窗,抽屉","center dialog / bottom sheet（移动端）/ drawer（桌面侧边）/ alert","最大宽480-560px；移动端 bottom sheet 全宽","open/close 200-300ms；backdrop 点击关闭（危险操作除外）；ESC 关闭","危险操作禁用 backdrop 关闭；按钮纵向排布","焦点陷阱 focus trap；ESC 关闭；drawer 宽度 360-480px","role=dialog aria-modal；打开时焦点进入、关闭时返回","弹窗套弹窗；关闭按钮难找；自动弹出打断用户","dialog max-width 520px, 200-300ms transition, backdrop dismiss except destructive; mobile bottom-sheet full-width; focus trap with ESC"
5,标签页,tabs,"标签页,tabs,选项卡","underline / pill / segmented","App 底 Tab 高56-64px+安全区；顶 Tab 高44px","active（指示器滑动）/ inactive / badge 数字","底 Tab ≤5项；active 项可配文字","顶 Tab 为主；超宽可横向滚动","role=tablist/tab/tabpanel；方向键切换","底 Tab 超5项；指示器跳变无过渡","tabs underline/pill/segmented; bottom tab max 5 items mobile; sliding indicator 200ms; keyboard arrow navigation"
6,导航栏,navigation,"导航栏,navigation,顶栏,侧边栏,面包屑","顶栏（标题+操作）/ 底栏（App）/ 侧边栏（桌面）/ 面包屑","顶栏 App 56px / Web 64px；侧边栏宽200-240px","active route 高亮 / collapsed（侧边栏收起）","返回手势+按钮并存；大标题滚动收缩","面包屑配侧边栏；收起状态记忆","nav 语义；当前页 aria-current","三级以上导航；纯图标无文字无 tooltip","top bar 56-64px with title+actions; sidebar 200-240px collapsible; active route highlight; aria-current"
7,表格,table,"表格,table,数据表","基础表 / 可选行 / 可展开行 / 树形表","行高≥48px；表头12px灰字；操作列右对齐","hover 行高亮 / selected / empty / loading 骨架屏","移动端改卡片列表，不硬塞表格","禁斑马纹；横向滚动时表头固定；列可配置显示","th scope；排序按钮可聚焦；状态列有文字","整行色块表状态；列过多无横向滚动；操作按钮无文字","table row-height 48px+, 12px gray header, no zebra stripes, hover highlight, sticky header on horizontal scroll, status via badge not row color"
8,徽标标签,badge-tag,"徽标,标签,badge,tag,状态","status 点 / tag 胶囊 / closable 标签 / count 数字","高20-24px；12px文字；6px色点","default / closable（hover 显示×）","与列表文字基线对齐","可点击 tag 有 hover 态","不只靠颜色区分状态（配文字/图标）","大色块；红色滥用；状态只有颜色","status badge 6px dot + 12px text capsule; semantic colors with text label; no large color blocks"
9,轻提示,toast,"轻提示,toast,snackbar,提示条","info / success / error；可带操作（撤销）","App 底部悬浮；Web 右上或底部；自动消失3秒","auto-dismiss 3s；error 常驻需手动关闭","避开底 Tab；不遮挡主操作按钮","堆叠最多3个；新 Toast 顶置","aria-live 播报；不只靠颜色区分类型","重要信息只用 toast 传达；连续轰炸；遮挡输入框","toast auto-dismiss 3s, error persistent with close; mobile bottom above tab bar; aria-live; max 3 stacked"
10,下拉选择,select,"下拉选择,select,选择器","单选 / 多选 / 可搜索下拉","触发器同 Input 尺寸","展开（列表以选中项为中心对齐）/ 选中打勾 / 可清空","全屏式选择器（选项多时）","多选打勾不关闭面板；支持搜索过滤","listbox 语义；键盘上下选择、回车确认","选项<5个还用下拉（改 radio）；超长列表无搜索","select expands with list centered on current selection, checkmark on selected; <5 options use radio instead; searchable for long lists"
11,开关复选,switch-checkbox,"开关,switch,复选框,checkbox,单选,radio","switch / checkbox / radio / segmented","switch 热区44px宽；checkbox App 44px / Web 20px+可点 label","on / off / indeterminate（半选）/ disabled；切换即时生效","switch 切换即时生效，配 toast 撤销","checkbox 全选带半选态；radio 组必有默认选中","原生 input 语义；label 整行可点","switch 当提交按钮用；状态变化无文字/反馈","switch toggles take effect immediately with undo toast; checkbox indeterminate for select-all; 44px touch target mobile"
12,进度条,progress,"进度条,progress,加载,骨架屏","linear / circular / steps / skeleton 骨架屏","linear 高4-6px；circular 直径40px+","indeterminate（未知时长）/ determinate（百分比）/ success / error","下拉刷新、用上传进度条；骨架屏占位防跳动","路由切换顶部细进度条","role=progressbar + aria-valuenow；reduced-motion 下静态","假进度条；长时间操作无任何反馈","progress linear 4-6px / circular; determinate with percent, indeterminate for unknown; skeleton screens to prevent layout shift"
