No,NameCN,NameEN,Keywords,Platform,Structure,Grid,BestFor,DoNot,AIPrompt
1,信息流,feed,"信息流,feed,社交,动态,推荐流",app,"顶栏（标题+搜索/发布）/ Tab分类 / 单列信息流卡片 / 底部Tab栏","单列；卡片间距12px；左右边距16px；下拉刷新+上滑加载","社交,内容社区,资讯,短视频","工具型高频操作（信息流干扰任务）","mobile feed: single column cards, 12px gaps, 16px margins, pull-refresh, infinite scroll, sticky top tabs"
2,底部Tab首页,tab-home,"底部导航,tab,首页,金刚区,工具",app,"顶栏（定位+搜索）/ 轮播Banner / 金刚区（4-5宫格）/ 功能楼层 / 底部Tab（≤5）","金刚区5列；楼层间距20px；底部Tab高56-64px+安全区","工具,电商,本地生活,银行","内容型产品（Tab挤压内容）","mobile home: top search bar, banner carousel, 5-icon quick grid, floor sections, bottom tab bar max 5 items"
3,卡片瀑布流,masonry,"瀑布流,种草,双列,电商",app,"顶栏+筛选Tab / 双列瀑布卡片（图+标题+互动）/ 悬浮发布按钮","双列；列间距8-12px；卡片圆角12px；图片比例不一","种草,电商,图库,灵感","需要比较的商品列表（价格对齐困难）","mobile masonry: 2 columns, 8-12px gutters, image-first cards with title and like count, floating action button"
4,表单向导,form-wizard,"表单,向导,分步,注册,下单",both,"顶部步骤条（N/M）/ 单步表单区 / 底部主按钮（上一步+下一步）","一屏只答一件事；主按钮吸底；步骤条细进度","注册,下单,问卷,开户","一屏塞下所有字段","step wizard: one question per screen, progress steps on top, sticky bottom primary button, back link"
5,我的页,profile,"我的,个人中心,设置",app,"头部（头像+昵称+状态）/ 数据概览行 / 功能宫格或列表 / 设置入口","头部高200px+；宫格4列；列表行高56px","会员,工具,电商","把营销Banner塞进我的页首屏","profile: header with avatar and stats, 4-column function grid, list rows 56px, settings at bottom"
6,详情页,detail,"详情页,商品详情,内容详情",both,"顶部大图/视频 / 标题+价格区 / 规格/服务条 / 详情长文 / 底部操作栏（收藏+主按钮）","操作栏吸底56-64px；价格字号≥24px；长文宽度≤680px","电商,内容,房源,课程","底部操作栏遮挡正文（留安全边距）","detail: hero media, title-price block, spec strip, long-form max 680px, sticky bottom action bar 56-64px"
7,营销官网,marketing-site,"官网,营销页,hero,落地页",web,"导航栏 / Hero（标题+副文案+双CTA+配图）/ 信任背书条 / 特性三栏 / 案例 / 定价 / FAQ / 页脚","内容宽1200px；Hero高≥560px；特性卡3列；段落间距80-120px","SaaS,品牌,App推广","首屏无CTA；特性超过6个不分组","marketing site: nav, hero with dual CTA min 560px, logo strip, 3-column features, cases, pricing, FAQ, footer; 1200px content width"
8,三栏工作台,workspace,"工作台,后台,SaaS,三栏",web,"左导航（200-240px可收起）/ 顶栏（搜索+用户）/ 中内容区 / 右详情抽屉（按需）","左栏200-240px；内容区8pt网格；卡片间距16-24px","SaaS后台,运营系统,编辑器","左导航超过2级不收起","saas workspace: collapsible left nav 200-240px, top bar with search, 8pt grid content, optional right detail drawer"
9,仪表盘,dashboard,"仪表盘,数据看板,驾驶舱,BI",web,"顶栏（时间筛选+导出）/ KPI卡片行（4个）/ 主图表区（2:1）/ 明细表","KPI 4列；图表高280-360px；筛选条件置顶","经营分析,监控,BI","一屏塞8个KPI；图表无单位","dashboard: top filters, 4 KPI cards in a row, main chart 2:1 ratio 280-360px high, detail table below; units on every chart"
10,文档站,docs,"文档,帮助中心,docs",web,"左目录树（可折叠）/ 右内容区（标题+正文+代码）/ 右侧 mini 目录（长文）","左栏240-280px；正文宽≤760px；代码块横滚","开发者文档,帮助中心,知识库","目录超过3层不折叠","docs: left tree nav 240-280px collapsible, content max 760px, code blocks horizontal scroll, mini TOC on right for long pages"
11,落地页长页,campaign,"落地页,campaign,长页,促销",both,"首屏（大标题+CTA+视觉）/ 痛点 / 卖点N连击 / 证言 / 价格锚点 / 终极CTA","一屏一卖点；CTA每屏重复；移动端先做","促销,发布会,招生, campaign","超过5屏无CTA；卖点平铺无节奏","campaign long page: one selling point per screen, CTA repeated every screen, pain-agitate-solve rhythm, final price anchor"
12,电商列表,shop-list,"商城,商品列表,筛选",both,"搜索栏 / 筛选Tab+排序 / 商品网格（2列App/4列Web）/ 购物车悬浮","App 2列/Web 4列；价格左对齐；图片1:1","电商,团购,票务","筛选条件藏太深；价格字号小于标题","shop list: search + filter tabs + sort, 2-col mobile / 4-col desktop grid, 1:1 images, price left-aligned larger than title"
13,登录认证,auth,"登录,注册,认证,auth",both,"品牌区（Logo+一句话）/ 输入区（手机号+验证码/密码）/ 第三方登录 / 协议勾选","输入框高48px+；主按钮全宽；一屏完成不滚动","所有需要账号的产品","先让用户填一堆资料再登录","auth: one screen no scroll, 48px inputs, full-width primary button, third-party options, agreement checkbox, no pre-registration profiling"
14,空状态,empty,"空状态,缺省页,empty",both,"插画/图标 / 一句话说明 / 主操作按钮（去添加/去看看）","插画≤120px；按钮紧随其下","所有有列表/收藏/消息的产品","只写'暂无数据'四个字","empty state: illustration max 120px, one-line explanation, single primary action button directly below"
15,Bento 网格,bento-grid,"bento,网格,功能特性,特性区,不对称,官网特性",web,"标题区 / Bento 网格（2-4列不等宽卡片，大卡片2x2小卡片1x1）/ CTA收尾","12列栅格；卡片间距16-24px；大卡片跨2列2行；圆角16-20px","SaaS官网,AI产品,功能展示,定价对比","卡片大小无逻辑（纯装饰性Bento）","bento grid: 12-col, mixed 2x2 hero cards + 1x1 small cards, 16-24px gaps, 16-20px radius"
16,横滑画廊,h-scroll,"横滑,横向滚动,画廊,卡片横滑,推荐横排,snap",app,"标题行（标题+查看全部）/ 横向滚动卡片带（snap对齐）/ 页指示器可选","卡片宽280-320px；卡片间距12px；首卡左对齐屏边距16px；scroll-snap mandatory","电商推荐,内容推荐,相册,快捷入口","横滑区超过2屏还不给查看全部入口","horizontal snap carousel: 280-320px cards, 12px gaps, 16px leading inset, scroll-snap mandatory"
17,搜索结果页,search-results,"搜索,结果页,筛选,search,联想词",both,"搜索框（sticky）/ 联想与历史 / 筛选chips / 结果列表 / 空结果状态","结果行高≥56px；筛选chip横滑；无结果必须给引导","电商,内容,工具","搜索框不sticky（滚走后无法改词）","search results: sticky search bar, filter chips, 56px+ rows, designed empty state"
18,聊天会话页,chat,"聊天,会话,IM,消息,对话,客服",app,"顶栏（对象+在线状态）/ 消息流（左收右发）/ 快捷回复chips / 输入栏（键盘顶起）","气泡最大宽70%；消息间距8px；输入栏随键盘上移；时间戳弱化","IM,客服,AI对话","输入栏被键盘遮挡；收发气泡左右无区分","chat: bubbles max 70% width, 8px gaps, input bar above keyboard, muted timestamps"
19,设置页,settings,"设置,setting,开关,偏好,账号设置",app,"分组标题（弱化）/ 设置行（左文右控件）/ 危险区（退出登录）","行高≥52px；分组间距24px；开关右对齐；危险操作红色","App设置,账号管理","设置项平铺无分组；危险操作无二次确认","settings: grouped rows 52px+, 24px group gaps, right-aligned toggles, red danger zone"
20,创作者主页,creator-profile,"主页,profile,创作者,个人主页,关注,粉丝",app,"封面 / 头像+关注按钮 / 简介+数据（粉丝/获赞）/ Tab（作品/喜欢）/ 内容网格","内容网格3列；关注按钮首屏可见；数据行弱化","社交,内容平台,UP主","关注按钮藏在二级页","creator profile: cover + follow CTA above fold, stats row muted, 3-col content grid"
21,引导页,onboarding,"引导,onboarding,新手,欢迎页,权限申请,激活",app,"插画/动效区 / 标题+一句话价值 / 分页指示器 / 主按钮（跳过弱化）","≤4屏；每屏一句话；按钮区固定底部+安全区","新用户激活,权限申请","超过5屏还不让跳过；首屏就要手机号","onboarding: max 4 screens, one value prop each, skippable, bottom-fixed CTA"
22,通知中心,notification-center,"通知,消息中心,notification,提醒,未读",app,"筛选Tab（全部/未读）/ 通知列表（图标+文案+时间）/ 一键已读 / 空状态","行高≥64px；未读蓝点；时间右对齐弱化；左滑操作","社交,电商,工具","通知无分类堆在一起；已读未读无区分","notification center: filter tabs, 64px rows, unread dots, swipe actions, mark-all-read"
23,分屏页,split-screen,"分屏,左右分屏,登录页分屏,注册",web,"左屏（品牌视觉/卖点）/ 右屏（表单/内容，居中窄列）","左右50/50或55/45；右屏内容宽400-480px居中","登录注册,SaaS营销,官网","小屏不断成上下堆叠；左屏纯装饰无信息","split screen: 50/50 brand + form, form col 400-480px centered, stacks on mobile"
24,排行榜,leaderboard,"榜单,排行,leaderboard,排名,打榜",app,"榜单切换Tab（日/周/总）/ 前三名特区（大卡片/领奖台）/ 4名后列表 / 我的排名悬浮条","前三视觉加重；列表行高56px；我的排名底部悬浮","社交,游戏,电商销量榜","前三名和普通行一样大（无荣誉感）","leaderboard: top-3 featured zone, 56px rows, sticky my-rank bar"
