id,name,name_cn,scene,spec,usage,prompt_template,source
1,focus-timer,顶部计时小条,系统与导航,顶部固定细条展示倒计时/进度。数字每秒更新（tabular-nums），进度填充用 300ms linear 过渡；结束时条色一闪或轻微脉冲一次。,番茄钟、专注、订单倒计时类顶部状态。,做一个顶部计时小条：固定在顶部，左侧倒计时数字（等宽字体、每秒更新），下方细进度条随时间填充，过渡 300ms linear。,
2,step-sheet,分步底部弹窗,展开与收纳,"底部弹窗承载多步骤流程。切换步骤时内容横向滑动（translateX ±100%，250ms ease-out）；弹窗高度随内容自动平滑过渡（300ms ease-in-out，勿写死高度）；顶部放""STEP n OF m""步骤指示。",预订流程、多步表单、向导。,做一个分步底部弹窗：切换步骤时内容横向滑动，弹窗高度随内容平滑过渡，顶部显示 STEP n OF m；单步内容超高时内部滚动、弹窗不顶出屏幕。,
3,dark-mode,深色模式切换,系统与导航,设置页主题开关。切换时全屏颜色 300ms ease-in-out 过渡，杜绝闪白；sun/moon 图标旋转淡入切换；图片类内容可加一层半透明遮罩过渡。 变体：圆形扩散——以触点为圆心做 circular reveal 扩散过渡（400ms ease-out），见 @叨叨AI《10种App小程序高级交互设计》。,设置页、个人中心主题切换。,做深色模式切换：开关切换时全屏颜色 300ms ease-in-out 过渡、无闪白，图标旋转淡入切换。,
4,tab-bar,底部导航选中展开,展开与收纳,底部 Tab 栏。选中项 pill 背景块滑动到选中位置（250ms ease-out / spring），文字标签随之展开（宽度动画），其余项只保留图标；图标与文字颜色同步切换。 近似模式：流体指示器——底部 Tab 切换时选中指示器如液体般流动到新位置。,App 底部主导航（3–5 个 tab）。,做底部导航栏：选中项展开显示文字标签，背景 pill 块滑动到选中位置（250ms ease-out），其余项只保留图标。,
5,scroll-fab,悬浮按钮随滚动收起,系统与导航,长列表页的 FAB（新建/添加）。列表下滚时 FAB 收起为纯圆形图标（宽度收缩 200ms ease-in-out）；上滚或回顶时重新展开；收起状态下图标仍可点击。,笔记、待办、消息列表的新建按钮。,做悬浮按钮随滚动收起：列表下滚时 FAB 收成圆形图标（200ms），上滚时展开恢复，收起后仍可点击。,
6,copy-button,复制按钮反馈,触摸反馈,"点击复制后即时反馈。图标原地翻转成对勾（rotateY 90° 翻转，200ms）+ Toast""已复制""；约 2s 后图标翻回原样。复制失败则 Toast 报""复制失败，请重试""。",订单号、兑换码、邀请码一键复制。,做复制按钮反馈：点一下复制，图标原地翻成对勾（200ms 翻转）+ Toast 已复制，2 秒后恢复；失败时 Toast 报错。,
7,form-error,表单校验反馈,输入与表单,"输入校验失败时：输入框红色边框（200ms 过渡）+ 错误文案从上方 4px 淡入；可加一次轻微抖动（幅度 ≤4px，克制使用）；用户修正后错误态 200ms 淡出。错误文案说人话（""手机号少了 1 位""），不说""输入非法""。",登录、注册、报名、下单表单。,做表单校验反馈：校验失败时输入框红边框（200ms）+ 错误文案淡入，文案说人话；修正后错误态淡出。,
8,dropdown-select,下拉选择框,选择与筛选,选项选择器。展开时列表自动滚动、以当前选中项为中心对齐；选中后 200ms 收起并更新框内文字；选中项打勾标识。选项超过一屏时列表内部滚动，框体不撑出屏幕。,城市、档位、分类选择器。,做下拉选择框：展开时列表以当前选中项为中心对齐，选中后收回并更新框内文字，选中项打勾。,
9,filter-chips,多选筛选标签,选择与筛选,一排胶囊形筛选标签，支持多选。点击选中时：标签左侧长出对勾图标（150ms ease-out 淡入）、底色填满（200ms 过渡）、标签宽度平滑撑开，相邻标签同步让位滑动；筛选按钮上的选中数量徽标跳动更新（scale 脉冲 200ms）。,商品筛选、内容分类多选。,做一排可多选的筛选标签，选中时左侧长出对勾、底色填满、宽度平滑撑开，相邻标签同步让位，筛选按钮上的数量跳动更新,@叨叨AI《6个让App和小程序质感翻倍的组件交互》（视频原话）
10,removable-tags,可删除标签,列表与卡片,一组胶囊标签（如打包清单），每个右上角带 × 号。点击 × 时标签先缩成小圆点（150ms ease-in）再消失；删除后后面的标签依次滑过来补上空位（200ms ease-out，stagger 30ms）。,标签输入框、清单管理、已选条件展示。,在输入框里做一组可删除的标签，点击叉号时标签缩成圆点后消失，后面的标签依次滑过来补上空位,@叨叨AI《6个让App和小程序质感翻倍的组件交互》（视频原话，后半句由同期字幕补全）
11,suggest-popover,输入联想浮层,输入与表单,文本输入时在光标旁弹出联想浮层。候选项列表随输入实时筛选（debounce 150ms），匹配文字高亮；点击选项后以标签/药丸形式填入正文；浮层出现用 150ms ease-out 淡入 + 上浮 4px。,@提及、标签输入、命令输入。,输入时在光标旁弹出联想列表，随输入实时筛选，点击选项后以标签/药丸形式填入正文,@叨叨AI《6个让App和小程序质感翻倍的组件交互》（前半为视频原话，后半按视频演示行为补全）
12,size-dial,拨动字号刻度,选择与筛选,一排横向刻度（如字号 17–23），当前值居中高亮、两侧刻度渐隐。左右拨动时刻度跟手滚动、关联值实时变化；松手后吸附到最近的刻度（200ms ease-out 回弹）。,字号、音量、亮度等连续值调节。,在键盘顶部加一排横向字号刻度，当前值居中高亮，两侧渐隐，左右拨动时正文字号实时变化，停下后吸附到最近的刻度,@叨叨AI《6个让App和小程序质感翻倍的组件交互》（视频原话）
13,press-tilt,按压倾斜卡片,触摸反馈,可按压卡片。手指按下时卡片朝触点方向轻微 3D 倾斜（rotateX/rotateY ≤ 6°）并整体缩小约 97%（150ms ease-out）；松手后回弹复位（250ms spring）。,课程卡、商品卡、任何可点的信息卡片。,做一张可按压的卡片，按下时朝触点方向轻微倾斜并缩小一点,@叨叨AI《6个让App和小程序质感翻倍的组件交互》（视频原话）
14,hold-record,长按变录音条,触摸反馈,底部按钮组（如 + / 麦克风）。长按麦克风时按钮组横向拉长变形为录音条（250ms ease-in-out），并显示实时波形；松手后发送，按钮组恢复原状。,聊天输入、语音备注、任何按住说话场景。,底部做一个双按钮组，长按麦克风时按钮组横向拉长成录音条并显示实时波形,@叨叨AI《6个让App和小程序质感翻倍的组件交互》（视频原话）
15,overlap-stack,重叠排列,列表与卡片,"一组元素（头像/卡片）互相压住约三分之一重叠排列，末尾用深色圆 ""+N"" 表示剩余数量。点击后元素从左到右依次平滑散开成一整行（stagger 60ms，250ms ease-out），间距 16px，每个下方淡入名称标签；再次点击从右到左收回。 近似模式：滚动收拢——纵向卡片流滚动时，已滑过的卡片在顶部堆叠收拢。",群成员、共同好友、参与者展示。,做一个头像重叠排列组件。默认显示 5 个圆形头像，彼此向左重叠约三分之一，最后加一个深色圆形 +3 表示剩余人数。点击头像组后，头像按从左到右的顺序平滑散开成一整行，圆之间留 16px 间距，每个头像下方淡入姓名；再次点击时，按从右到左的顺序收回到重叠状态。,@叨叨AI《6种组件交互提升App和小程序质感》（视频原话·长版）
16,progress-fill,进度底色,列表与卡片,用组件背景本身的填充宽度表示完成进度，不额外放进度条。浅色填充宽度 = 完成百分比，文字图标始终在填充层上方保持清晰；每勾选一项填充 300ms 平滑右推；达到 100% 的瞬间整卡轻微提亮一次后恢复。,任务清单、课程进度、习惯打卡。,做一个任务组件，用组件背景本身表示完成进度，不额外放进度条。组件左侧到右侧的浅色填充宽度等于完成百分比，文字和图标始终在填充层上方并保持清晰。每勾选一项时，填充宽度用 300ms 平滑向右推进；完成 100% 的瞬间，整个组件轻微提亮一次后恢复。,@叨叨AI《6种组件交互提升App和小程序质感》（视频原话·长版）
17,h-accordion,横向手风琴,展开与收纳,容器内多个竖向窄条默认等宽，只显示图标和竖排标题。点击某条后 360ms 内横向展开为宽卡片（标题+说明+数据），其他条同步收窄退到两侧；切换时宽度先滑过去，详情内容延迟 120ms 淡入。,功能分区、数据看板模块切换。,做一个横向手风琴组件。容器内放 4 个竖向窄条，默认等宽，只显示图标和竖排标题。点击其中一条后，这一条在 360ms 内横向展开为宽卡片，显示标题、说明和数据；其他条同步收窄并退到两侧。切换到另一条时，宽度先滑过去，详情内容延迟 120ms 后淡入。,@叨叨AI《6种组件交互提升App和小程序质感》（视频原话·长版）
18,sliding-tray,组件托盘,展开与收纳,主组件固定不动，下方垫一层深灰托盘，收起时只露出一行摘要。点击露出区域，托盘从主组件下方向下滑出（250ms ease-out），显示明细列表和辅助操作；主组件不移动不缩放；再次点击或收起按钮，托盘上滑收回。,订单卡展开明细、统计卡下钻。,做一个主组件加底部托盘的结构。主组件保持固定位置，下面垫一层深灰托盘，收起时只露出一行摘要文字。点击托盘露出的区域后，托盘从主组件下方向下滑出，显示明细列表和辅助操作；主组件不移动、不缩放。再次点击托盘或收起按钮时，托盘向上滑回，只保留摘要行。,@叨叨AI《6种组件交互提升App和小程序质感》（视频原话·长版）
19,magnify-row,跟手放大图标,触摸反馈,一排图标默认等大紧密排列（类 macOS Dock）。按住横向滑动时，按各图标中心到手指 x 坐标的距离计算缩放：当前最大、相邻中等、更远恢复原尺寸；放大的图标把旁边图标自然挤开；松手后当前图标被选中，其余平滑缩回（200ms ease-out）。,表情选择、工具栏、快捷入口。,做一排可跟随手指放大的图标。默认所有图标等大并紧密排列；按住并横向滑动时，根据每个图标中心点到手指 x 坐标的距离计算缩放，当前图标最大，相邻两个中等放大，更远的逐步恢复原尺寸。放大的图标要把旁边图标自然挤开，松手后当前图标被选中，其余图标平滑缩回默认大小。,@叨叨AI《6种组件交互提升App和小程序质感》（视频原话·长版）
20,pull-summary,下拉摘要,展开与收纳,页面顶部一行圆角胶囊摘要（只显示关键数字）。下拖时高度跟手从胶囊逐步展开成完整统计面板，数字卡片和图表在展开到 60% 后淡入；下方内容随面板高度下移并降透明度；上推或松手未过阈值时平滑收回（250ms ease-out）。,日报/周报摘要、日程概览、数据总览。,做一个可下拉展开的顶部摘要组件。收起时它是页面顶部一行圆角胶囊，只显示今天的关键数字；用户向下拖动时，高度跟随手指从胶囊逐步展开成完整统计面板，数字卡片和图表在展开到 60% 后淡入。下方内容随面板高度向下移动并降低透明度；向上推或松手未超过阈值时，面板平滑收回到胶囊状态。,@叨叨AI《6种组件交互提升App和小程序质感》（视频原话·长版）
21,card-detail,图片卡片展开详情,列表与卡片,点击图片卡片时，图片从原位置放大展开成详情页（300ms ease-out 共享元素过渡），文字内容从底部滑入；详情页支持下拉手势缩回原位。 近似模式：图片展开——点击小图流畅展开为大图，共享元素过渡。,地点/商品/文章卡片进详情。,点击图片卡片时图片从原位置放大展开成详情页，文字内容从底部滑入，下拉手势缩回原位,@叨叨AI《8个让App和小程序有高级感的组件交互》（视频原话）
22,fold-card,折叠卡片,展开与收纳,可折叠卡片。展开/收起时高度、内容透明度、箭头角度共用同一条缓动曲线一起变化（300ms ease-in-out），收起时按反序收回；内容区用 max-height 过渡而非 display 硬切。 近似模式：文本展开收起——对象为文本段落，箭头旋转 180° 明确表达同一开关的两个状态。,配送信息、FAQ、设置分组。,做一个可折叠卡片，高度、内容透明度和箭头角度共用一条缓动曲线。,@叨叨AI《10种组件提升App与小程序的质感》（视频原话）
23,chip-row,筛选胶囊行,选择与筛选,一排横向滚动的筛选胶囊（可分组：分类/排序/状态）。选中态用实底色块（200ms 过渡），未选中为描边；超出宽度时横向滚动，选中项自动滚到可见区。,列表筛选、分类切换。,做一排筛选胶囊，选中态用实底，超出宽度横向滚动。,@叨叨AI《10种组件提升App与小程序的质感》（视频原话）
24,timeline-card,进度卡片,列表与卡片,订单/流程进度卡片，节点分三种状态（已完成/进行中/未开始）。当前节点高亮并展开详情，连线随进度填充（300ms 过渡）；状态变化时节点图标 200ms ease-out 切换。,物流跟踪、审批流、多步骤任务。,做一张进度卡片，节点分三种状态，当前节点高亮并展开详情。,@叨叨AI《10种组件提升App与小程序的质感》（视频原话）
25,search-select,可搜索下拉,选择与筛选,支持本地筛选的下拉选择器。打字只用来筛选项，选中的仍然来自清单；支持上下键移动、回车确认，全程不用碰鼠标；无匹配时显示空态提示。展开/收起 200ms ease-out。,项目/城市/人员选择（选项较多时）。,做一个支持本地筛选的可搜索下拉，支持上下键和回车确认，没有匹配项时显示提示。,@叨叨AI《选择器的10种交互细节》（视频原话）
26,async-select,远程搜索下拉,选择与筛选,选项在服务器上的搜索下拉。输入停止 300ms 后再发请求；新请求发出后旧请求结果不得覆盖（请求竞态处理）；全程显示加载中、空结果、失败三种状态，不许静默转圈。,客户搜索、商品搜索等远程数据源。,做一个远程搜索下拉，输入停止三百毫秒后再请求，旧请求结果不能覆盖新请求，并显示加载中、空结果和失败状态。,@叨叨AI《选择器的10种交互细节》（视频原话）
27,multi-select,多选选择器,选择与筛选,多选下拉。已选项以可删除的块（chip）形式留在框内，点 × 移除；已选超过三行后折叠并显示剩余数量（+N）；下拉列表中已选项打勾标识。,人员多选、标签多选。,做一个多选选择器：已选项以可删除的块显示在框里，超过三行后折叠，并显示剩余数量。,@叨叨AI《选择器的10种交互细节》（视频原话整理）
28,magnet-snap,磁吸交互,触摸反馈,"拖拽滑杆/旋钮靠近目标值时被""磁吸""过去（200ms ease-out 吸附），有段落感；远离目标值时自由拖动。吸附瞬间可加一次轻微顿挫反馈。 （按视频演示整理）",滑杆、旋钮、刻度选择。,做一个带磁吸的滑杆：拖拽靠近目标值时自动吸附过去，有段落感,@叨叨AI《8种交互动效，让App质感直接拉满》
29,card-collect,卡片吸入回收,列表与卡片,"卡片被""吸入""收纳区（如滑入底部托盘）：卡片缩小并沿弧线飞入目标位置（350ms ease-in-out），有明确的去向感；目标位置轻微脉冲确认接收。 （按视频演示整理） 近似模式：加入行程——卡片缩小成小圆飞入底部 Tab，Tab 徽标数字+1（《8个让App和小程序有高级感的组件交互》按视频演示整理）。",收藏、归档、删除卡片。,做一个卡片吸入回收动效：卡片缩小并沿弧线飞入底部收纳区，有明确的去向感,@叨叨AI《10种App小程序高级交互设计》
30,focus-mode,选中一张其他后退,列表与卡片,选中一张卡片/图片后，该项放大提亮保持彩色，同一层的其他项降饱和度、缩小、轻微模糊，后退为背景；取消选中时全部恢复（300ms ease-in-out）。 （视频原话整理）,图片库、卡片多选、聚焦模式。,选中项放大提亮保持彩色，同层未选项降低饱和度、缩小并轻微模糊,@叨叨AI《8种高级交互提升App和小程序质感》
31,takeback,滑到一半返回,手势进行中,拖拽详情页/面板滑出一半时，不只看拉了多远，更看松手瞬间的甩动速度：甩得快就放它走完（接着你的劲，不顿一下），手往回带就退回去（250ms ease-out）。决策参考：速度 > 0.3px/ms 走完，否则回弹。 （按视频演示整理）,详情页拖拽、手势返回。,做一个可拖拽滑出的详情页：松手时看甩动速度，甩得快就走完，手往回带就退回去,@叨叨AI《7种App和小程序的高级交互》
32,press-escape,按下去手指滑走了,手势进行中,按钮被按住后，手指滑出按钮范围时按压态自动变浅、取消触发；手指滑回范围内则恢复按压态。松手时只在手指仍在按钮内才触发——还没松手，随时能反悔。 （按视频演示整理）,关注/点赞/危险操作按钮。,做一个按钮：按住后手指滑出范围时按压态变浅并取消触发，滑回则恢复，松手前随时能反悔,@叨叨AI《7种App和小程序的高级交互》
33,text-diff,只有变了的字在动,手势进行中,数字/文字更新时，只有变化的字做过渡动画（200ms ease-out 淡入/上浮），没变的字待在原地不动。对比错误做法：整行一起闪一下（用户得从头再读一遍）。 （按视频演示整理）,统计数字、倒计时、比分、价格。,做一个数字更新动效：只有变化的字做过渡，没变的字待在原地不动,@叨叨AI《7种App和小程序的高级交互》
34,gesture-lock,横竖滑动（最初的十二像素）,手势进行中,斜向滑动时取最初约 12px 判断主方向：一旦确定横向（或纵向）就锁定该方向，后续抖动不再切换。用阈值判定（如 |dx| > |dy| + 8px），避免方向打架。 （按视频演示整理）,图表手势、轮播、画布。,做一个手势方向锁定：取最初12像素判断主方向，锁定后不再切换,@叨叨AI《7种App和小程序的高级交互》
35,fling-catch,飞到一半按住它,手势进行中,惯性滚动/轮播进行中，手指落下按住即刻刹停（100ms 内减速到 0），内容停在手指按住的位置，不再滑到惯性终点。 （按视频演示整理）,轮播图、长列表惯性滚动。,惯性滚动中手指按住即刻刹停，内容停在按住的位置,@叨叨AI《7种App和小程序的高级交互》
36,landing-predict,松手前就知道停哪,手势进行中,"手指尚未松开时，根据当前速度提前算出落点并标出（如轮播 ""TARGET 4/5""）；松手一次到位，不冲过头再回拉。预测指示器 150ms ease-out 跟随更新。 （按视频演示整理）",卡片轮播、分页滑动。,做一个轮播：手指没松开时就根据速度算出落点并标出来，松手一次到位不回拉,@叨叨AI《7种App和小程序的高级交互》
37,overscroll,拉到头还能再拉,手势进行中,列表滚动到边界后继续拖拽，内容产生橡皮筋式超拉（overscroll，最多约 64px），露出边界反馈后松手回弹（300ms spring）。iOS 原生支持；安卓/小程序需手动实现。 （按视频演示整理）,列表页、刷新提示。,列表拉到边界后继续拖拽要有橡皮筋超拉效果，松手回弹,@叨叨AI《7种App和小程序的高级交互》
38,pinch-density,捏合改密度,滚动与密度,"双指捏合/张开改变内容密度：按缩放比在""大图、三列、文字行""三档之间语义缩放切换；切换时每一项连续动画移动到新位置（300ms ease-in-out），不是生硬跳变。 （视频原话）",图片网格、文件列表。,给网格加双指捏合的语义缩放，按缩放比在大图、三列、文字行三档之间切换，每一项连续移动到新位置,@叨叨AI《8种高级交互提升App和小程序质感》
39,scroll-driven,滚动带着进度走,滚动与密度,分段动画的进度与滚动位置绑定：往下滚动画正放，往回滚动画倒放，可停在半路（scrub 效果）。用 scroll-driven animation 或滚动监听映射进度 0–1。 （视频原话整理）,长文档阅读、产品介绍页。,把这段动画的进度绑定滚动位置，滚动可逆，能停在半路,@叨叨AI《8种高级交互提升App和小程序质感》
40,motion-blur,甩起来的拖影,滚动与密度,快速滚动时内容沿运动方向产生动态模糊，速度越快越模糊（按速度映射模糊半径 0–8px）；速度归零时平滑恢复清晰（200ms ease-out）。只用于高速滚动，低速不加。 （视频原话整理）,图片流、长列表快速滑动。,列表滚动时按速度给内容加方向性模糊，速度归零时平滑恢复清晰,@叨叨AI《8种高级交互提升App和小程序质感》
41,pull-zoom-header,下拉把顶图拉大,滚动与密度,在顶部大图区域下拉时，顶图跟随手势被拉大（scale 跟随拖拽距离，最多约 1.3 倍）；松手后回弹复位（300ms spring）。 （按视频演示整理）,个人主页、详情页顶图。,顶部大图支持下拉跟手拉大，松手回弹复位,@叨叨AI《8种高级交互提升App和小程序质感》
42,arc-reflow,换列数走弧线,滚动与密度,网格列数切换（如 2 列/3 列）时，每一项不走直线，而是沿弧线飞到新位置重新排布（350ms ease-in-out，stagger 30ms）。 （视频原话整理）,工具网格、图片排版切换。,网格列数变化时每一项沿弧线移动到新位置,@叨叨AI《8种高级交互提升App和小程序质感》
43,scroll-focus,滚动聚焦,滚动与密度,滚动列表时，当前视口中央项自动聚焦放大/高亮（scale 1.05 + 字重/颜色强化），其余项弱化；聚焦切换 200ms ease-out。 （按视频演示整理）,长列表、选项滚轮。,做一个滚动列表：当前项自动聚焦放大高亮，其余项弱化,@叨叨AI《8种交互动效，让App质感直接拉满》
44,snap-guide,拖动自动吸到线上,对齐与吸附,拖拽卡片/元素时实时检测与参考线的距离，进入阈值（如 12px）自动吸附对齐并显示对齐参考线；吸附瞬间给一次轻微的位移顿挫（手感反馈）。 （视频原话）,画布编辑、DIY 排版。,拖拽时检测与参考线的距离，进入阈值自动吸附并显示对齐线，吸附瞬间给一次轻微的位移顿挫,@叨叨AI《8种高级交互提升App和小程序质感》
45,slider-snap,滑杆吸附刻度,对齐与吸附,拖动滑杆接近刻度时自动吸附并有段落感（200ms ease-out 回弹到刻度）；吸附瞬间轻微顿挫。与 size-dial 不同：本模式是通用滑杆吸附，size-dial 是刻度盘式调节。 （按视频演示整理）,滑杆、进度设置。,做一个滑杆：拖动接近刻度时自动吸附，有段落感,@叨叨AI《10种App小程序高级交互设计》
46,auto-contrast,跟着背景换黑白,视觉自适应,悬浮元素（按钮/文字）实时读取背后区域的明暗：暗处自动切浅色、亮处自动切深色，保证可读；滚动过程中连续切换（150ms 过渡），不是跳变。 （视频原话）,图片浏览页的悬浮按钮、视频播放器控件。,悬浮元素按背后区域的亮度自动反色,@叨叨AI《8种高级交互提升App和小程序质感》
47,liquid-deform,液态形变,视觉自适应,元素按压/拖拽时产生如果冻般的液态形变：拉伸、挤压、回弹（spring damping ≈ 0.6）；松手后弹性复位。克制使用，一屏只给一个元素。 （按视频演示整理）,表情、头像、趣味按钮。,给圆形元素加液态形变：按压拖拽时拉伸挤压，松手弹性复位,@叨叨AI《8种交互动效，让App质感直接拉满》
48,parallax-3d,3D视差,视觉自适应,卡片随手指/视角产生 3D 纵深视差：各图层以不同速率错动（前景快、背景慢），营造纵深感；倾斜角度 ≤ 10°。 （按视频演示整理）,数据卡片、封面、海报。,给卡片加3D视差：各图层随视角以不同速率错动,@叨叨AI《8种交互动效，让App质感直接拉满》
49,physics-collision,物理碰撞,视觉自适应,元素运动带有物理碰撞感：相撞、弹开、衰减（spring + friction 模拟）；速度越快碰撞反馈越强。 （按视频演示整理）,游戏化界面、趣味交互、数据可视化。,给元素运动加物理碰撞感：相撞弹开并衰减,@叨叨AI《8种交互动效，让App质感直接拉满》
50,stepper-spring,分段步骤弹性推进,开关与步骤,分段步骤条（stepper）推进时带弹性回弹动效（spring），段落感清晰；每段推进 250ms spring，回退同理。 （按视频演示整理）,多步骤表单、进度步骤条。,做一个分段步骤条：推进时带弹性回弹，段落感清晰,@叨叨AI《10种App小程序高级交互设计》
51,toggle-ripple,开关联动涟漪,开关与步骤,拨动开关时泛起涟漪扩散（300ms ease-out），并可联动周围相关控件的状态变化（如联动的选项行淡入/置灰）。 （按视频演示整理）,设置页、权限开关。,做一个开关：拨动时泛起涟漪扩散，并联动周围相关控件状态,@叨叨AI《10种App小程序高级交互设计》
52,drag-reorder,拖拽排序邻居让位,开关与步骤,长按拖起列表中一项时，相邻项自动让出空位并跟随移动（200ms ease-out）；松手后拖起项落位，空位闭合。 （按视频演示整理） 近似模式：长按浮起——长按时该行先浮起放大进入悬浮态，再拖动排序（《8个让App和小程序有高级感的组件交互》按视频演示整理）。,待办排序、播放列表、自定义顺序。,做一个可拖拽排序的列表：拖起一项时相邻项自动让位，松手落位,@叨叨AI《10种App小程序高级交互设计》
53,batch-check,批量勾选接力打勾,开关与步骤,批量操作时多个勾选框像接力一样依次打出勾选动画（stagger 80ms），有先后节奏而非同时出现。 （按视频演示整理）,批量选择、清单全选。,做批量勾选：多个勾选框像接力一样依次打勾，有先后节奏,@叨叨AI《10种App小程序高级交互设计》
54,chip-squeeze,标签选中挤开,开关与步骤,"选中某个标签胶囊时，它以动画将相邻标签挤开并占据强调位（250ms ease-out）；选中态同步放大字重/底色。与 filter-chips 不同：本模式强调""挤开""的位移动画。 （按视频演示整理）",标签栏、分类切换。,做一排标签：选中时该标签把相邻标签挤开并占据强调位,@叨叨AI《10种App小程序高级交互设计》
55,gesture-transition,手势驱动转场,开关与步骤,页面转场全程跟手：手指拖动多少页面跟多少，可中途取消（回弹）或接续（走完）；转场进度与手势位移 1:1 绑定。 （按视频演示整理）,页面返回、卡片进详情。,做一个跟手的页面转场：拖动多少跟多少，可中途取消或接续,@叨叨AI《8种交互动效，让App质感直接拉满》
56,slider-press-thicken,拖动调节条（按住变粗）,对齐与吸附,音量/亮度调节条：手指按住时轨道变粗，填充量跟手；拖过端点时有橡皮筋拉伸感，松手回弹（300ms spring）。按住变粗、端点橡皮筋、松手回弹三个细节是高级感来源。 （视频原话）,音量/亮度/进度调节条。,做一条音量调节条，按住变粗，填充跟手，拖过端点有橡皮筋拉伸，松手回弹,@叨叨AI《8个让App和小程序有高级感的组件交互》（视频原话）
57,swipe-swatches,滑动选颜色,选择与筛选,一排横向圆形色块：手指滑动选择时，经过的色块依次放大弹起（跟手 stagger），松手选中，选中色块带白色圆环。 （视频原话）,主题色/标签色选择。,做一排横向颜色选择，支持滑动选择，经过的色块依次放大弹起，松手选中,@叨叨AI《8个让App和小程序有高级感的组件交互》（视频原话）
58,text-roll-toggle,按钮文字滚动切换,触摸反馈,状态切换按钮：点击时按钮内文字纵向滚动切换（如 Add 滚成 Added 并带勾选，200ms ease-out），而非生硬替换文字。 （按视频演示整理；视频原话待确认）,关注/添加/收藏状态按钮。,做一个状态切换按钮，点击时文字纵向滚动切换,@叨叨AI《8个让App和小程序有高级感的组件交互》（按视频演示整理）
59,floating-label,输入框标题上浮,输入与表单,浮动标签输入框：聚焦时提示文字缩小上移成顶部小标题（200ms ease-out），边框高亮；为空且失焦时复原。打字过程中仍能看到栏位含义。 （视频原话）,表单输入、注册/新建表单。,做一个浮动标签输入框，聚焦时提示文字缩小上移成标题，边框高亮，为空失焦时复原,@叨叨AI《8个让App和小程序有高级感的组件交互》（视频原话）
60,pull-expand-strip,下拉展开,展开与收纳,信息条卡片：下拉时在原位展开露出更多内容（如逐小时预报），上推收回（250ms ease-out）。与 pull-summary(20) 不同：本模式在原位展开，不进全屏详情。 （按视频演示整理；视频未捕捉到原话提示词）,天气条、摘要条、通知预览。,做一个可下拉展开的信息条，下拉后在原位展开显示更多内容，上推收回,@叨叨AI《8个让App和小程序有高级感的组件交互》（按视频演示整理）
